-- MariaDB dump 10.19  Distrib 10.5.11-MariaDB, for Win64 (AMD64)
--
-- Host: localhost    Database: steamscrape
-- ------------------------------------------------------
-- Server version	10.5.11-MariaDB

/*!40101 SET @OLD_CHARACTER_SET_CLIENT=@@CHARACTER_SET_CLIENT */;
/*!40101 SET @OLD_CHARACTER_SET_RESULTS=@@CHARACTER_SET_RESULTS */;
/*!40101 SET @OLD_COLLATION_CONNECTION=@@COLLATION_CONNECTION */;
/*!40101 SET NAMES utf8mb4 */;
/*!40103 SET @OLD_TIME_ZONE=@@TIME_ZONE */;
/*!40103 SET TIME_ZONE='+00:00' */;
/*!40014 SET @OLD_UNIQUE_CHECKS=@@UNIQUE_CHECKS, UNIQUE_CHECKS=0 */;
/*!40014 SET @OLD_FOREIGN_KEY_CHECKS=@@FOREIGN_KEY_CHECKS, FOREIGN_KEY_CHECKS=0 */;
/*!40101 SET @OLD_SQL_MODE=@@SQL_MODE, SQL_MODE='NO_AUTO_VALUE_ON_ZERO' */;
/*!40111 SET @OLD_SQL_NOTES=@@SQL_NOTES, SQL_NOTES=0 */;

--
-- Current Database: `steamscrape`
--

CREATE DATABASE /*!32312 IF NOT EXISTS*/ `steamscrape` /*!40100 DEFAULT CHARACTER SET latin1 */;

USE `steamscrape`;

--
-- Table structure for table `compatibility`
--

DROP TABLE IF EXISTS `compatibility`;
/*!40101 SET @saved_cs_client     = @@character_set_client */;
/*!40101 SET character_set_client = utf8 */;
CREATE TABLE `compatibility` (
  `id_compatibility` varchar(100) NOT NULL,
  `platform_name` varchar(255) NOT NULL,
  PRIMARY KEY (`id_compatibility`)
) ENGINE=InnoDB DEFAULT CHARSET=latin1;
/*!40101 SET character_set_client = @saved_cs_client */;

--
-- Dumping data for table `compatibility`
--

LOCK TABLES `compatibility` WRITE;
/*!40000 ALTER TABLE `compatibility` DISABLE KEYS */;
INSERT INTO `compatibility` (`id_compatibility`, `platform_name`) VALUES ('C1','Windows'),('C2','Mac'),('C3','Linux'),('C4','VR Compatibility'),('C5','VR Only');
/*!40000 ALTER TABLE `compatibility` ENABLE KEYS */;
UNLOCK TABLES;

--
-- Table structure for table `developer`
--

DROP TABLE IF EXISTS `developer`;
/*!40101 SET @saved_cs_client     = @@character_set_client */;
/*!40101 SET character_set_client = utf8 */;
CREATE TABLE `developer` (
  `id_developer` varchar(100) NOT NULL,
  `developer_name` varchar(255) CHARACTER SET utf8mb4 NOT NULL,
  PRIMARY KEY (`id_developer`)
) ENGINE=InnoDB DEFAULT CHARSET=latin1;
/*!40101 SET character_set_client = @saved_cs_client */;

--
-- Dumping data for table `developer`
--

LOCK TABLES `developer` WRITE;
/*!40000 ALTER TABLE `developer` DISABLE KEYS */;
INSERT INTO `developer` (`id_developer`, `developer_name`) VALUES ('D001','Nicalis, Inc.'),('D002','Coffee Stain Studios'),('D003','Earthshine'),('D004','Techland'),('D005','Playground Games'),('D006','Suncrash'),('D007','Jagex Ltd'),('D008','Digital Extremes'),('D009','（Hong Kong）GKD Game Studio'),('D010','Robot Entertainment'),('D011','IGG SINGAPORE PTE. LTD.'),('D012','Eugen Systems'),('D013','Offworld Industries'),('D014','Titan Forge Games'),('D015','Team17'),('D016','343 Industries'),('D017','All in! Games'),('D018','Bethesda Game Studios'),('D019','Behaviour Interactive Inc.'),('D020','Tripwire Interactive'),('D021','Supergiant Games'),('D022','Relic Entertainment'),('D023','Efecto Studios'),('D024','Asobo Studio'),('D025','Wicked Witch'),('D026','The Fun Pimps'),('D027','Re-Logic'),('D028','CyberConnect2'),('D029','CCP'),('D030','CREATIVE ASSEMBLY'),('D031','Hazelight'),('D032','DICE'),('D033','Hangar 13'),('D034','AMPLITUDE Studios'),('D035','Empyrean'),('D036','Respawn Entertainment'),('D037','QLOC'),('D038','Bungie'),('D039','Edmund McMillen'),('D040','Sandbox Interactive GmbH'),('D041','TECOPARK'),('D042','ConcernedApe'),('D043','Fatshark'),('D044','BeamNG'),('D045','Larian Studios'),('D046','Funcom'),('D047','Gamepires'),('D048','TaleWorlds Entertainment'),('D049','Ninja Kiwi'),('D050','Arc System Works'),('D051','Tactical Adventures'),('D052','Pearl Abyss'),('D053','Obsidian Entertainment'),('D054','Expansive Worlds'),('D055','Remedy Entertainment'),('D056','CAPCOM Co., Ltd.'),('D057','Berserk Games'),('D058','SEGA'),('D059','BANDAI NAMCO Studios Inc.'),('D060','Lion Games Co., Ltd.'),('D061','Wallpaper Engine Team'),('D062','Giants Software'),('D063','Booming Tech'),('D064','Hello Games'),('D065','Dotemu'),('D066','Lizardcube'),('D067','Irrational Games'),('D068','Beamdog'),('D069','Aesir Interactive'),('D070','Mediatonic'),('D071','Amazon Games'),('D072','上海烛龙信息科技有限公司'),('D073','Firaxis Games'),('D074','One More Level'),('D075','Konami Digital Entertainment'),('D076','Ruffian Games'),('D077','Hidden Path Entertainment'),('D078','Consumer Softproducts'),('D079','SCS Software'),('D080','Unknown Worlds Entertainment'),('D081','StudioGoupil'),('D082','Forgotten Empires'),('D083','Blue Byte'),('D084','Valve'),('D085','Clever Plays'),('D086','Hopoo Games'),('D087','Visual Concepts'),('D088','Worldwalker Games LLC'),('D089','FromSoftware, Inc.'),('D090','Saber Interactive'),('D091','Virtual Programming (Linux)'),('D092','Acid Nerve'),('D093','Aspyr (Linux)'),('D094','BioWare'),('D095','Rockstar North'),('D096','Duoyi (Hong Kong) Interactive Entertainment Limited'),('D097','No Brakes Games'),('D098','The Farm 51'),('D099','Foxy Voxel'),('D100','Frontier Developments'),('D101','Gearbox Software'),('D102','KAGAMI WORKs'),('D103','M7 Productions'),('D104','Ubisoft Montreal'),('D105','Siege Camp'),('D106','Iron Gate AB'),('D107','Rockstar Games'),('D108','Evil Mojo Games'),('D109','Star Chess Studio'),('D110','Toxic Dog'),('D111','3D Realms'),('D112','Wangyuan Shengtang Entertainment Technology CO.'),('D113','B.B.STUDIO CO.,LTD.'),('D114','Wube Software LTD.'),('D115','KRAFTON, Inc.'),('D116','Gaijin Entertainment'),('D117','Bend Studio'),('D118','Sports Interactive'),('D119','CarX Technologies, LLC'),('D120','Guard Crush'),('D121','Mouldy Toof Studios'),('D122','EA Canada'),('D123','Paradox Development Studio'),('D124','Instinct Games'),('D125','24 Entertainment'),('D126','Team Cherry'),('D127','Ludeon Studios'),('D128','Rare Ltd'),('D129','Pixonic'),('D130','Ubisoft Quebec'),('D131','Live Wire'),('D132','Endnight Games Ltd'),('D133','Aspyr (Mac)'),('D134','Facepunch Studios'),('D135','Adglobe'),('D136','OVERKILL - a Starbreeze Studio.'),('D137','Redbeet Interactive'),('D138','FuturLab'),('D139','Studio Wildcard'),('D140','CD PROJEKT RED'),('D141','Crytek'),('D142','Klei Entertainment'),('D143','Zenimax Online Studios'),('D144','Treyarch'),('D145','Wargaming Group Limited'),('D146','FromSoftware'),('D147','Feral Interactive (Mac)'),('D148','Ghost Ship Games'),('D149','Beat Games'),('D150','Tantalus Media'),('D151','Attrito'),('D152','Rebuilt Games'),('D153','Slipgate Ironworks™'),('D154','L2 Games'),('D155','Colossal Order Ltd.'),('D156','Ubisoft Toronto'),('D157','Splash Damage'),('D158','id Software'),('D159','Bohemia Interactive'),('D160','Codemasters'),('D161','Virtual Basement LLC'),('D162','Kinetic Games'),('D163','CI Games'),('D164','The Indie Stone'),('D165','艺龙游戏'),('D166','Kabam Games, Inc.'),('D167','Maxis'),('D168','Innersloth'),('D169','Feral Interactive (Linux)'),('D170','Voolgi'),('D171','Blue Mammoth Games');
/*!40000 ALTER TABLE `developer` ENABLE KEYS */;
UNLOCK TABLES;

--
-- Table structure for table `game_compatibility`
--

DROP TABLE IF EXISTS `game_compatibility`;
/*!40101 SET @saved_cs_client     = @@character_set_client */;
/*!40101 SET character_set_client = utf8 */;
CREATE TABLE `game_compatibility` (
  `id_game` int(11) NOT NULL,
  `id_compatibility` varchar(199) NOT NULL,
  PRIMARY KEY (`id_game`,`id_compatibility`),
  KEY `FK_gamecompatibility_compatibility` (`id_compatibility`),
  CONSTRAINT `FK_gamecompatibility_compatibility` FOREIGN KEY (`id_compatibility`) REFERENCES `compatibility` (`id_compatibility`) ON UPDATE CASCADE,
  CONSTRAINT `FK_gamecompatibility_gameinformation` FOREIGN KEY (`id_game`) REFERENCES `game_information` (`id_game`) ON DELETE CASCADE ON UPDATE CASCADE
) ENGINE=InnoDB DEFAULT CHARSET=latin1;
/*!40101 SET character_set_client = @saved_cs_client */;

--
-- Dumping data for table `game_compatibility`
--

LOCK TABLES `game_compatibility` WRITE;
/*!40000 ALTER TABLE `game_compatibility` DISABLE KEYS */;
INSERT INTO `game_compatibility` (`id_game`, `id_compatibility`) VALUES (1,'C1'),(1,'C2'),(1,'C3'),(2,'C1'),(3,'C1'),(4,'C1'),(5,'C1'),(6,'C1'),(6,'C2'),(6,'C3'),(7,'C1'),(8,'C1'),(9,'C1'),(10,'C1'),(11,'C1'),(12,'C1'),(13,'C1'),(13,'C2'),(13,'C3'),(14,'C1'),(14,'C2'),(14,'C3'),(15,'C1'),(16,'C1'),(17,'C1'),(18,'C1'),(18,'C2'),(19,'C1'),(20,'C1'),(20,'C2'),(21,'C1'),(22,'C1'),(22,'C2'),(22,'C3'),(23,'C1'),(23,'C2'),(23,'C3'),(23,'C4'),(24,'C1'),(25,'C1'),(25,'C2'),(25,'C3'),(26,'C1'),(27,'C1'),(28,'C1'),(29,'C1'),(30,'C1'),(30,'C2'),(30,'C3'),(31,'C1'),(31,'C2'),(31,'C3'),(32,'C1'),(33,'C1'),(33,'C4'),(34,'C1'),(35,'C1'),(36,'C1'),(37,'C1'),(37,'C4'),(38,'C1'),(39,'C1'),(40,'C1'),(40,'C3'),(41,'C1'),(41,'C2'),(41,'C3'),(42,'C1'),(43,'C1'),(43,'C4'),(44,'C1'),(45,'C1'),(46,'C1'),(47,'C1'),(47,'C2'),(47,'C3'),(48,'C1'),(49,'C1'),(49,'C2'),(50,'C1'),(51,'C1'),(51,'C2'),(51,'C3'),(52,'C1'),(52,'C2'),(52,'C3'),(53,'C1'),(54,'C1'),(55,'C1'),(56,'C1'),(57,'C1'),(58,'C1'),(59,'C1'),(60,'C1'),(60,'C2'),(61,'C1'),(62,'C1'),(62,'C2'),(62,'C3'),(63,'C1'),(64,'C1'),(65,'C1'),(66,'C1'),(67,'C1'),(67,'C4'),(68,'C1'),(68,'C2'),(68,'C3'),(69,'C1'),(70,'C1'),(71,'C1'),(72,'C1'),(72,'C2'),(72,'C3'),(73,'C1'),(73,'C2'),(73,'C3'),(74,'C1'),(74,'C2'),(74,'C3'),(75,'C1'),(76,'C1'),(77,'C1'),(78,'C1'),(79,'C1'),(80,'C1'),(80,'C2'),(80,'C3'),(81,'C1'),(81,'C2'),(82,'C1'),(82,'C2'),(82,'C3'),(83,'C1'),(84,'C1'),(85,'C1'),(85,'C2'),(85,'C3'),(86,'C1'),(86,'C3'),(86,'C4'),(87,'C1'),(87,'C2'),(87,'C3'),(88,'C1'),(89,'C1'),(90,'C1'),(90,'C2'),(90,'C3'),(91,'C1'),(91,'C2'),(91,'C3'),(92,'C1'),(93,'C1'),(93,'C2'),(93,'C3'),(94,'C1'),(95,'C1'),(96,'C1'),(97,'C1'),(98,'C1'),(98,'C2'),(98,'C3'),(99,'C1'),(99,'C2'),(99,'C3'),(100,'C1'),(101,'C1'),(101,'C2'),(102,'C1'),(102,'C2'),(103,'C1'),(104,'C1'),(105,'C1'),(106,'C1'),(107,'C1'),(107,'C2'),(107,'C3'),(108,'C1'),(109,'C1'),(109,'C2'),(109,'C3'),(110,'C1'),(111,'C1'),(112,'C1'),(113,'C1'),(113,'C2'),(113,'C3'),(114,'C1'),(115,'C1'),(115,'C2'),(115,'C3'),(116,'C1'),(116,'C2'),(117,'C1'),(117,'C5'),(118,'C1'),(119,'C1'),(120,'C1'),(121,'C1'),(121,'C2'),(121,'C3'),(122,'C1'),(122,'C2'),(122,'C3'),(123,'C1'),(123,'C2'),(124,'C1'),(124,'C2'),(124,'C3'),(125,'C1'),(126,'C1'),(126,'C2'),(127,'C1'),(128,'C1'),(128,'C2'),(129,'C1'),(130,'C1'),(130,'C2'),(130,'C3'),(131,'C1'),(131,'C2'),(131,'C3'),(132,'C1'),(133,'C1'),(133,'C2'),(134,'C1'),(135,'C1'),(136,'C1'),(137,'C1'),(138,'C1'),(138,'C2'),(138,'C3'),(139,'C1'),(139,'C2'),(139,'C3'),(140,'C1'),(140,'C2'),(140,'C3'),(141,'C1'),(141,'C2'),(142,'C1'),(142,'C2'),(143,'C1'),(143,'C2'),(143,'C3'),(144,'C1'),(145,'C1'),(145,'C2'),(145,'C3'),(146,'C1'),(146,'C2'),(146,'C3'),(147,'C1'),(148,'C1'),(148,'C2'),(149,'C1'),(150,'C1'),(151,'C1'),(152,'C1'),(153,'C1'),(154,'C1'),(155,'C1'),(156,'C1'),(157,'C1'),(158,'C1'),(158,'C2'),(158,'C3'),(159,'C1'),(159,'C2'),(159,'C3'),(160,'C1'),(160,'C2'),(161,'C1'),(161,'C2'),(162,'C1'),(163,'C1'),(163,'C5'),(164,'C1'),(165,'C1'),(166,'C1'),(166,'C2'),(166,'C3'),(167,'C1'),(167,'C2'),(167,'C3'),(168,'C1'),(168,'C2'),(168,'C3'),(169,'C1'),(170,'C1'),(171,'C1'),(172,'C1'),(172,'C2'),(172,'C3'),(173,'C1'),(173,'C2'),(173,'C4'),(174,'C1'),(175,'C1'),(176,'C1'),(177,'C1'),(178,'C1'),(179,'C1'),(180,'C1'),(181,'C1'),(182,'C1'),(183,'C1'),(184,'C1'),(185,'C1'),(185,'C2'),(185,'C3'),(185,'C4'),(186,'C1'),(187,'C1'),(187,'C2'),(187,'C3'),(188,'C1'),(189,'C1'),(189,'C2'),(190,'C1'),(191,'C1'),(192,'C1'),(193,'C1'),(193,'C2'),(193,'C3'),(194,'C1'),(194,'C2'),(195,'C1'),(196,'C1'),(196,'C2'),(196,'C3'),(197,'C1'),(198,'C1'),(199,'C1'),(200,'C1'),(200,'C2'),(200,'C3');
/*!40000 ALTER TABLE `game_compatibility` ENABLE KEYS */;
UNLOCK TABLES;

--
-- Table structure for table `game_developer`
--

DROP TABLE IF EXISTS `game_developer`;
/*!40101 SET @saved_cs_client     = @@character_set_client */;
/*!40101 SET character_set_client = utf8 */;
CREATE TABLE `game_developer` (
  `id_game` int(11) NOT NULL,
  `id_developer` varchar(100) NOT NULL,
  PRIMARY KEY (`id_game`,`id_developer`),
  KEY `FK_gamedeveloper_developer` (`id_developer`),
  CONSTRAINT `FK_gamedeveloper_developer` FOREIGN KEY (`id_developer`) REFERENCES `developer` (`id_developer`) ON UPDATE CASCADE,
  CONSTRAINT `FK_gamedeveloper_gameinformation` FOREIGN KEY (`id_game`) REFERENCES `game_information` (`id_game`) ON DELETE CASCADE ON UPDATE CASCADE
) ENGINE=InnoDB DEFAULT CHARSET=latin1;
/*!40101 SET character_set_client = @saved_cs_client */;

--
-- Dumping data for table `game_developer`
--

LOCK TABLES `game_developer` WRITE;
/*!40000 ALTER TABLE `game_developer` DISABLE KEYS */;
INSERT INTO `game_developer` (`id_game`, `id_developer`) VALUES (1,'D077'),(1,'D084'),(2,'D071'),(3,'D115'),(4,'D036'),(5,'D160'),(6,'D084'),(7,'D107'),(8,'D016'),(8,'D038'),(8,'D076'),(8,'D090'),(8,'D157'),(9,'D008'),(10,'D056'),(11,'D095'),(12,'D019'),(13,'D073'),(13,'D093'),(13,'D133'),(14,'D079'),(15,'D038'),(16,'D154'),(17,'D072'),(17,'D112'),(18,'D134'),(19,'D128'),(20,'D143'),(21,'D104'),(22,'D084'),(23,'D116'),(24,'D052'),(25,'D030'),(25,'D147'),(25,'D169'),(26,'D041'),(27,'D050'),(28,'D081'),(29,'D138'),(30,'D079'),(31,'D023'),(31,'D124'),(31,'D139'),(31,'D161'),(32,'D167'),(33,'D162'),(34,'D063'),(35,'D005'),(36,'D031'),(37,'D064'),(38,'D125'),(39,'D061'),(40,'D106'),(41,'D030'),(41,'D147'),(41,'D169'),(42,'D137'),(43,'D024'),(44,'D032'),(45,'D165'),(46,'D014'),(47,'D068'),(48,'D145'),(49,'D045'),(50,'D058'),(51,'D127'),(52,'D042'),(53,'D094'),(54,'D122'),(55,'D101'),(56,'D070'),(57,'D018'),(58,'D043'),(59,'D056'),(60,'D145'),(61,'D033'),(62,'D155'),(64,'D087'),(65,'D159'),(66,'D020'),(67,'D132'),(68,'D088'),(69,'D141'),(70,'D018'),(71,'D103'),(71,'D151'),(72,'D068'),(73,'D001'),(73,'D039'),(74,'D123'),(75,'D140'),(76,'D092'),(77,'D094'),(78,'D056'),(79,'D056'),(80,'D022'),(80,'D147'),(80,'D169'),(81,'D133'),(81,'D144'),(82,'D067'),(82,'D091'),(83,'D056'),(84,'D075'),(85,'D027'),(86,'D136'),(87,'D123'),(88,'D075'),(89,'D100'),(90,'D073'),(90,'D093'),(90,'D133'),(91,'D142'),(92,'D002'),(93,'D015'),(93,'D121'),(94,'D044'),(95,'D113'),(96,'D117'),(97,'D105'),(98,'D065'),(98,'D066'),(98,'D120'),(99,'D023'),(99,'D124'),(99,'D139'),(99,'D161'),(100,'D018'),(101,'D049'),(102,'D062'),(103,'D059'),(104,'D053'),(105,'D109'),(106,'D054'),(107,'D123'),(108,'D110'),(109,'D073'),(109,'D093'),(109,'D133'),(110,'D056'),(111,'D025'),(111,'D082'),(111,'D150'),(112,'D122'),(113,'D084'),(114,'D085'),(115,'D068'),(116,'D035'),(117,'D149'),(118,'D099'),(119,'D119'),(120,'D012'),(121,'D079'),(122,'D114'),(123,'D021'),(124,'D134'),(125,'D096'),(126,'D118'),(127,'D069'),(128,'D171'),(129,'D159'),(130,'D040'),(131,'D068'),(132,'D168'),(133,'D080'),(134,'D140'),(135,'D051'),(136,'D056'),(137,'D086'),(138,'D079'),(139,'D030'),(139,'D147'),(139,'D169'),(140,'D004'),(141,'D062'),(142,'D102'),(143,'D079'),(144,'D148'),(145,'D068'),(146,'D026'),(147,'D152'),(148,'D045'),(149,'D048'),(150,'D090'),(151,'D055'),(152,'D011'),(153,'D131'),(153,'D135'),(154,'D129'),(155,'D013'),(156,'D006'),(157,'D010'),(158,'D127'),(159,'D164'),(160,'D134'),(161,'D029'),(162,'D107'),(163,'D084'),(164,'D046'),(165,'D083'),(165,'D104'),(165,'D130'),(165,'D156'),(166,'D073'),(166,'D093'),(166,'D133'),(167,'D073'),(167,'D093'),(167,'D133'),(168,'D073'),(168,'D093'),(168,'D133'),(169,'D170'),(170,'D017'),(170,'D074'),(170,'D111'),(170,'D153'),(171,'D146'),(172,'D123'),(173,'D080'),(174,'D019'),(175,'D158'),(176,'D160'),(177,'D037'),(178,'D163'),(179,'D007'),(180,'D082'),(180,'D150'),(181,'D065'),(181,'D066'),(181,'D120'),(182,'D003'),(183,'D098'),(184,'D047'),(185,'D057'),(186,'D089'),(187,'D079'),(188,'D078'),(189,'D034'),(190,'D166'),(191,'D060'),(192,'D108'),(193,'D126'),(194,'D097'),(195,'D009'),(196,'D079'),(197,'D036'),(198,'D028'),(199,'D004'),(200,'D068');
/*!40000 ALTER TABLE `game_developer` ENABLE KEYS */;
UNLOCK TABLES;

--
-- Table structure for table `game_genre`
--

DROP TABLE IF EXISTS `game_genre`;
/*!40101 SET @saved_cs_client     = @@character_set_client */;
/*!40101 SET character_set_client = utf8 */;
CREATE TABLE `game_genre` (
  `id_game` int(11) NOT NULL,
  `id_genre` varchar(100) NOT NULL,
  PRIMARY KEY (`id_game`,`id_genre`),
  KEY `FK_gamegenre_genre` (`id_genre`),
  CONSTRAINT `FK_gamegenre_gameinformation` FOREIGN KEY (`id_game`) REFERENCES `game_information` (`id_game`) ON DELETE CASCADE ON UPDATE CASCADE,
  CONSTRAINT `FK_gamegenre_genre` FOREIGN KEY (`id_genre`) REFERENCES `genre` (`id_genre`) ON UPDATE CASCADE
) ENGINE=InnoDB DEFAULT CHARSET=latin1;
/*!40101 SET character_set_client = @saved_cs_client */;

--
-- Dumping data for table `game_genre`
--

LOCK TABLES `game_genre` WRITE;
/*!40000 ALTER TABLE `game_genre` DISABLE KEYS */;
INSERT INTO `game_genre` (`id_game`, `id_genre`) VALUES (1,'G002'),(1,'G010'),(2,'G002'),(2,'G003'),(2,'G007'),(2,'G015'),(3,'G002'),(3,'G003'),(3,'G015'),(4,'G002'),(4,'G003'),(4,'G010'),(5,'G005'),(5,'G014'),(5,'G020'),(6,'G002'),(6,'G006'),(6,'G010'),(7,'G002'),(7,'G003'),(8,'G002'),(9,'G002'),(9,'G010'),(10,'G003'),(10,'G007'),(11,'G002'),(11,'G003'),(12,'G002'),(13,'G006'),(14,'G001'),(14,'G005'),(15,'G002'),(15,'G003'),(15,'G010'),(16,'G001'),(16,'G002'),(16,'G007'),(16,'G009'),(17,'G007'),(17,'G015'),(18,'G001'),(18,'G002'),(18,'G003'),(18,'G007'),(18,'G015'),(19,'G002'),(19,'G003'),(20,'G007'),(20,'G015'),(21,'G002'),(22,'G002'),(22,'G010'),(23,'G002'),(23,'G005'),(23,'G010'),(23,'G015'),(24,'G002'),(24,'G003'),(24,'G005'),(24,'G006'),(24,'G007'),(24,'G015'),(25,'G002'),(25,'G006'),(26,'G001'),(26,'G002'),(26,'G004'),(27,'G002'),(28,'G001'),(28,'G005'),(28,'G009'),(29,'G001'),(29,'G004'),(29,'G005'),(29,'G009'),(30,'G001'),(30,'G005'),(31,'G001'),(31,'G002'),(31,'G003'),(31,'G007'),(31,'G015'),(32,'G004'),(32,'G005'),(33,'G001'),(33,'G002'),(33,'G009'),(34,'G002'),(34,'G005'),(34,'G006'),(34,'G007'),(34,'G010'),(34,'G015'),(35,'G020'),(36,'G002'),(36,'G003'),(37,'G002'),(37,'G003'),(38,'G002'),(38,'G003'),(38,'G015'),(39,'G001'),(39,'G004'),(39,'G066'),(39,'G070'),(39,'G134'),(39,'G265'),(40,'G001'),(40,'G002'),(40,'G003'),(40,'G007'),(40,'G009'),(41,'G002'),(41,'G006'),(42,'G001'),(42,'G003'),(42,'G005'),(42,'G009'),(43,'G005'),(44,'G002'),(44,'G003'),(44,'G004'),(45,'G001'),(45,'G002'),(45,'G003'),(45,'G007'),(45,'G009'),(46,'G002'),(46,'G010'),(47,'G003'),(47,'G007'),(48,'G002'),(48,'G005'),(48,'G010'),(48,'G015'),(49,'G003'),(49,'G006'),(49,'G007'),(49,'G009'),(50,'G002'),(50,'G007'),(50,'G010'),(50,'G015'),(51,'G001'),(51,'G005'),(51,'G006'),(52,'G001'),(52,'G005'),(52,'G007'),(53,'G007'),(53,'G010'),(53,'G015'),(54,'G005'),(54,'G014'),(55,'G002'),(55,'G007'),(56,'G001'),(56,'G002'),(56,'G004'),(56,'G014'),(56,'G015'),(57,'G007'),(58,'G001'),(58,'G002'),(59,'G002'),(60,'G002'),(60,'G010'),(60,'G015'),(61,'G002'),(61,'G003'),(62,'G005'),(62,'G006'),(64,'G005'),(64,'G014'),(65,'G002'),(65,'G003'),(65,'G015'),(66,'G001'),(66,'G002'),(66,'G003'),(66,'G007'),(67,'G001'),(67,'G002'),(67,'G003'),(67,'G005'),(68,'G001'),(68,'G006'),(68,'G007'),(69,'G002'),(70,'G007'),(71,'G002'),(71,'G005'),(71,'G006'),(71,'G009'),(72,'G003'),(72,'G007'),(73,'G002'),(74,'G005'),(74,'G006'),(75,'G007'),(76,'G001'),(76,'G002'),(76,'G003'),(76,'G007'),(77,'G002'),(77,'G007'),(78,'G002'),(78,'G003'),(79,'G002'),(80,'G006'),(81,'G002'),(81,'G003'),(82,'G002'),(83,'G002'),(84,'G006'),(84,'G010'),(85,'G001'),(85,'G002'),(85,'G003'),(85,'G007'),(86,'G002'),(86,'G007'),(87,'G005'),(87,'G006'),(87,'G007'),(88,'G014'),(89,'G004'),(89,'G005'),(89,'G006'),(90,'G006'),(91,'G001'),(91,'G003'),(91,'G005'),(92,'G001'),(92,'G003'),(92,'G005'),(92,'G006'),(92,'G009'),(93,'G001'),(93,'G005'),(93,'G006'),(94,'G005'),(94,'G009'),(94,'G020'),(95,'G005'),(95,'G006'),(95,'G007'),(96,'G002'),(96,'G003'),(97,'G001'),(97,'G002'),(97,'G006'),(97,'G007'),(97,'G009'),(97,'G015'),(98,'G001'),(98,'G002'),(99,'G001'),(99,'G002'),(99,'G003'),(99,'G007'),(99,'G015'),(100,'G007'),(101,'G006'),(102,'G005'),(103,'G002'),(103,'G003'),(103,'G007'),(104,'G002'),(104,'G003'),(104,'G009'),(105,'G005'),(105,'G006'),(105,'G009'),(106,'G003'),(106,'G005'),(106,'G014'),(107,'G005'),(107,'G006'),(108,'G005'),(108,'G009'),(109,'G006'),(110,'G002'),(111,'G006'),(112,'G005'),(112,'G014'),(113,'G002'),(114,'G003'),(114,'G004'),(115,'G007'),(116,'G001'),(116,'G005'),(117,'G001'),(118,'G001'),(118,'G005'),(118,'G006'),(118,'G009'),(119,'G005'),(119,'G014'),(119,'G015'),(119,'G020'),(120,'G001'),(120,'G002'),(120,'G005'),(120,'G006'),(121,'G001'),(121,'G005'),(122,'G001'),(122,'G004'),(122,'G005'),(122,'G006'),(123,'G001'),(123,'G002'),(123,'G007'),(124,'G001'),(124,'G005'),(125,'G001'),(125,'G002'),(125,'G003'),(125,'G007'),(125,'G009'),(126,'G005'),(126,'G014'),(127,'G005'),(127,'G009'),(128,'G001'),(128,'G002'),(128,'G010'),(129,'G002'),(129,'G005'),(129,'G006'),(130,'G007'),(130,'G010'),(130,'G015'),(131,'G003'),(131,'G007'),(132,'G004'),(133,'G001'),(133,'G003'),(134,'G007'),(135,'G003'),(135,'G006'),(135,'G007'),(136,'G002'),(137,'G001'),(137,'G002'),(138,'G001'),(138,'G005'),(139,'G002'),(139,'G006'),(140,'G002'),(140,'G007'),(141,'G005'),(142,'G001'),(142,'G003'),(142,'G007'),(143,'G001'),(143,'G005'),(144,'G002'),(145,'G003'),(145,'G007'),(146,'G001'),(146,'G002'),(146,'G003'),(146,'G005'),(146,'G006'),(146,'G007'),(146,'G009'),(147,'G001'),(147,'G002'),(147,'G004'),(148,'G003'),(148,'G006'),(148,'G007'),(149,'G002'),(149,'G005'),(149,'G006'),(149,'G007'),(149,'G009'),(150,'G003'),(150,'G005'),(151,'G002'),(151,'G003'),(152,'G006'),(152,'G007'),(152,'G015'),(153,'G001'),(153,'G002'),(153,'G007'),(154,'G002'),(154,'G010'),(155,'G001'),(155,'G002'),(155,'G006'),(156,'G001'),(156,'G005'),(156,'G006'),(156,'G007'),(156,'G009'),(157,'G001'),(157,'G002'),(157,'G003'),(157,'G006'),(158,'G001'),(158,'G005'),(158,'G006'),(159,'G001'),(159,'G005'),(159,'G007'),(159,'G009'),(160,'G001'),(160,'G002'),(160,'G003'),(160,'G007'),(160,'G015'),(161,'G002'),(161,'G006'),(161,'G007'),(161,'G010'),(161,'G015'),(162,'G002'),(162,'G003'),(163,'G002'),(163,'G003'),(164,'G002'),(164,'G003'),(164,'G005'),(164,'G006'),(164,'G007'),(164,'G015'),(165,'G002'),(166,'G006'),(167,'G006'),(168,'G006'),(169,'G001'),(169,'G003'),(169,'G004'),(169,'G005'),(169,'G009'),(170,'G002'),(171,'G002'),(171,'G003'),(172,'G005'),(172,'G006'),(173,'G001'),(173,'G003'),(174,'G002'),(175,'G002'),(176,'G002'),(176,'G003'),(176,'G004'),(176,'G014'),(176,'G020'),(177,'G002'),(178,'G002'),(179,'G007'),(179,'G010'),(179,'G015'),(180,'G006'),(181,'G001'),(181,'G002'),(182,'G001'),(182,'G005'),(182,'G006'),(182,'G009'),(183,'G001'),(183,'G002'),(183,'G003'),(183,'G005'),(183,'G007'),(183,'G009'),(184,'G001'),(184,'G002'),(184,'G003'),(184,'G009'),(184,'G015'),(185,'G001'),(185,'G004'),(185,'G005'),(185,'G006'),(185,'G007'),(186,'G002'),(187,'G001'),(187,'G005'),(188,'G001'),(188,'G002'),(188,'G005'),(189,'G006'),(190,'G003'),(190,'G004'),(190,'G005'),(190,'G007'),(190,'G010'),(191,'G002'),(191,'G007'),(191,'G010'),(191,'G015'),(192,'G002'),(192,'G010'),(193,'G001'),(193,'G002'),(193,'G003'),(194,'G001'),(194,'G003'),(195,'G010'),(196,'G001'),(196,'G005'),(197,'G002'),(197,'G003'),(198,'G002'),(198,'G003'),(199,'G002'),(199,'G007'),(200,'G006'),(200,'G007');
/*!40000 ALTER TABLE `game_genre` ENABLE KEYS */;
UNLOCK TABLES;

--
-- Table structure for table `game_information`
--

DROP TABLE IF EXISTS `game_information`;
/*!40101 SET @saved_cs_client     = @@character_set_client */;
/*!40101 SET character_set_client = utf8 */;
CREATE TABLE `game_information` (
  `id_game` int(11) NOT NULL,
  `game_name` varchar(255) CHARACTER SET utf8mb4 NOT NULL,
  `release_date` date DEFAULT NULL,
  `game_URL` varchar(255) DEFAULT NULL,
  PRIMARY KEY (`id_game`)
) ENGINE=InnoDB DEFAULT CHARSET=latin1;
/*!40101 SET character_set_client = @saved_cs_client */;

--
-- Dumping data for table `game_information`
--

LOCK TABLES `game_information` WRITE;
/*!40000 ALTER TABLE `game_information` DISABLE KEYS */;
INSERT INTO `game_information` (`id_game`, `game_name`, `release_date`, `game_URL`) VALUES (1,'Counter-Strike: Global Offensive','2012-08-21','https://store.steampowered.com/app/730/CounterStrike_Global_Offensive/?snr=1_7_7_7000_150_1'),(2,'New World','2021-08-31','https://store.steampowered.com/app/1063730/New_World/?snr=1_7_7_7000_150_1'),(3,'PUBG: BATTLEGROUNDS','2017-12-21','https://store.steampowered.com/app/578080/PUBG_BATTLEGROUNDS/?snr=1_7_7_7000_150_1'),(4,'Apex Legends™','2020-11-04','https://store.steampowered.com/app/1172470/Apex_Legends/?snr=1_7_7_7000_150_1'),(5,'F1® 2021','2021-07-15','https://store.steampowered.com/app/1134570/F1_2021/?snr=1_7_7_7000_150_1'),(6,'Dota 2','2013-07-09','https://store.steampowered.com/app/570/Dota_2/?snr=1_7_7_7000_150_1'),(7,'Red Dead Redemption 2','2019-12-05','https://store.steampowered.com/app/1174180/Red_Dead_Redemption_2/?snr=1_7_7_7000_150_1'),(8,'Halo: The Master Chief Collection','2019-12-03','https://store.steampowered.com/app/976730/Halo_The_Master_Chief_Collection/?snr=1_7_7_7000_150_1'),(9,'Warframe','2013-03-25','https://store.steampowered.com/app/230410/Warframe/?snr=1_7_7_7000_150_1'),(10,'Monster Hunter Stories 2: Wings of Ruin','2021-07-08','https://store.steampowered.com/app/1277400/Monster_Hunter_Stories_2_Wings_of_Ruin/?snr=1_7_7_7000_150_1'),(11,'Grand Theft Auto V','2015-04-13','https://store.steampowered.com/app/271590/Grand_Theft_Auto_V/?snr=1_7_7_7000_150_1'),(12,'Dead by Daylight','2016-06-14','https://store.steampowered.com/app/381210/Dead_by_Daylight/?snr=1_7_7_7000_150_1'),(13,'Sid Meier’s Civilization® VI','2016-10-20','https://store.steampowered.com/app/289070/Sid_Meiers_Civilization_VI/?snr=1_7_7_7000_150_1'),(14,'Euro Truck Simulator 2','2012-10-12','https://store.steampowered.com/app/227300/Euro_Truck_Simulator_2/?snr=1_7_7_7000_150_1'),(15,'Destiny 2','2019-10-01','https://store.steampowered.com/app/1085660/Destiny_2/?snr=1_7_7_7000_150_1'),(16,'She Will Punish Them','2020-04-29','https://store.steampowered.com/app/1213740/She_Will_Punish_Them/?snr=1_7_7_7000_150_1'),(17,'Swords of Legends Online','2021-07-09','https://store.steampowered.com/app/1418100/Swords_of_Legends_Online/?snr=1_7_7_7000_150_1'),(18,'Rust','2018-02-08','https://store.steampowered.com/app/252490/Rust/?snr=1_7_7_7000_150_1'),(19,'Sea of Thieves','2020-06-03','https://store.steampowered.com/app/1172620/Sea_of_Thieves/?snr=1_7_7_7000_150_1'),(20,'The Elder Scrolls® Online',NULL,'https://store.steampowered.com/app/306130/The_Elder_Scrolls_Online/?snr=1_7_7_7000_150_1'),(21,'Tom Clancy\'s Rainbow Six® Siege','2015-12-01','https://store.steampowered.com/app/359550/Tom_Clancys_Rainbow_Six_Siege/?snr=1_7_7_7000_150_1'),(22,'Team Fortress 2','2007-10-10','https://store.steampowered.com/app/440/Team_Fortress_2/?snr=1_7_7_7000_150_1'),(23,'War Thunder','2013-08-15','https://store.steampowered.com/app/236390/War_Thunder/?snr=1_7_7_7000_150_1'),(24,'Black Desert','2019-09-17','https://store.steampowered.com/app/582660/Black_Desert/?snr=1_7_7_7000_150_1'),(25,'Total War: WARHAMMER II','2017-09-28','https://store.steampowered.com/app/594570/Total_War_WARHAMMER_II/?snr=1_7_7_7000_150_1'),(26,'PICO PARK',NULL,'https://store.steampowered.com/app/1509960/PICO_PARK/?snr=1_7_7_7000_150_1'),(27,'GUILTY GEAR -STRIVE-','2021-06-11','https://store.steampowered.com/app/1384160/GUILTY_GEAR_STRIVE/?snr=1_7_7_7000_150_1'),(28,'Ghost Hunters Corp','2021-07-15','https://store.steampowered.com/app/1618540/Ghost_Hunters_Corp/?snr=1_7_7_7000_150_1'),(29,'PowerWash Simulator',NULL,'https://store.steampowered.com/app/1290000/PowerWash_Simulator/?snr=1_7_7_7000_150_1'),(30,'American Truck Simulator','2016-02-02','https://store.steampowered.com/app/270880/American_Truck_Simulator/?snr=1_7_7_7000_150_1'),(31,'ARK: Survival Evolved','2017-08-27','https://store.steampowered.com/app/346110/ARK_Survival_Evolved/?snr=1_7_7_7000_150_1'),(32,'The Sims™ 4','2020-06-18','https://store.steampowered.com/app/1222670/The_Sims_4/?snr=1_7_7_7000_150_1'),(33,'Phasmophobia','2020-09-18','https://store.steampowered.com/app/739630/Phasmophobia/?snr=1_7_7_7000_150_1'),(34,'Conqueror\'s Blade','2020-04-05','https://store.steampowered.com/app/835570/Conquerors_Blade/?snr=1_7_7_7000_150_1'),(35,'Forza Horizon 4','2021-03-09','https://store.steampowered.com/app/1293830/Forza_Horizon_4/?snr=1_7_7_7000_150_1'),(36,'It Takes Two','2021-03-25','https://store.steampowered.com/app/1426210/It_Takes_Two/?snr=1_7_7_7000_150_1'),(37,'No Man\'s Sky','2016-08-12','https://store.steampowered.com/app/275850/No_Mans_Sky/?snr=1_7_7_7000_150_1'),(38,'NARAKA: BLADEPOINT','2021-08-12','https://store.steampowered.com/app/1203220/NARAKA_BLADEPOINT/?snr=1_7_7_7000_150_1'),(39,'Wallpaper Engine',NULL,'https://store.steampowered.com/app/431960/Wallpaper_Engine/?snr=1_7_7_7000_150_1'),(40,'Valheim','2021-02-02','https://store.steampowered.com/app/892970/Valheim/?snr=1_7_7_7000_150_1'),(41,'Total War: WARHAMMER II - The Silence & The Fury','2021-07-14','https://store.steampowered.com/app/1556110/Total_War_WARHAMMER_II__The_Silence__The_Fury/?snr=1_7_7_7000_150_1'),(42,'Raft',NULL,'https://store.steampowered.com/app/648800/Raft/?snr=1_7_7_7000_150_1'),(43,'Microsoft Flight Simulator','2020-08-17','https://store.steampowered.com/app/1250410/Microsoft_Flight_Simulator/?snr=1_7_7_7000_150_1'),(44,'Battlefield™ 2042','2021-10-22','https://store.steampowered.com/app/1517290/Battlefield_2042/?snr=1_7_7_7000_150_1'),(45,'嗜血印 Bloody Spell','2019-01-15','https://store.steampowered.com/app/992300/_Bloody_Spell/?snr=1_7_7_7000_150_1'),(46,'SMITE®','2015-09-08','https://store.steampowered.com/app/386360/SMITE/?snr=1_7_7_7000_150_1'),(47,'Baldur\'s Gate: Enhanced Edition','2013-01-16','https://store.steampowered.com/app/228280/Baldurs_Gate_Enhanced_Edition/?snr=1_7_7_7000_150_1'),(48,'World of Warships','2017-11-15','https://store.steampowered.com/app/552990/World_of_Warships/?snr=1_7_7_7000_150_1'),(49,'Baldur\'s Gate 3','2020-10-06','https://store.steampowered.com/app/1086940/Baldurs_Gate_3/?snr=1_7_7_7000_150_1'),(50,'Phantasy Star Online 2 New Genesis','2020-08-05','https://store.steampowered.com/app/1056640/Phantasy_Star_Online_2_New_Genesis/?snr=1_7_7_7000_150_1'),(51,'RimWorld','2018-10-17','https://store.steampowered.com/app/294100/RimWorld/?snr=1_7_7_7000_150_2'),(52,'Stardew Valley','2016-02-26','https://store.steampowered.com/app/413150/Stardew_Valley/?snr=1_7_7_7000_150_2'),(53,'STAR WARS™: The Old Republic™','2020-07-21','https://store.steampowered.com/app/1286830/STAR_WARS_The_Old_Republic/?snr=1_7_7_7000_150_2'),(54,'EA SPORTS™ FIFA 21','2020-10-08','https://store.steampowered.com/app/1313860/EA_SPORTS_FIFA_21/?snr=1_7_7_7000_150_2'),(55,'Borderlands 3','2020-03-13','https://store.steampowered.com/app/397540/Borderlands_3/?snr=1_7_7_7000_150_2'),(56,'Fall Guys: Ultimate Knockout','2020-08-03','https://store.steampowered.com/app/1097150/Fall_Guys_Ultimate_Knockout/?snr=1_7_7_7000_150_2'),(57,'Fallout 76','2020-04-14','https://store.steampowered.com/app/1151340/Fallout_76/?snr=1_7_7_7000_150_2'),(58,'Warhammer: Vermintide 2','2018-03-08','https://store.steampowered.com/app/552500/Warhammer_Vermintide_2/?snr=1_7_7_7000_150_2'),(59,'Monster Hunter: World','2018-08-09','https://store.steampowered.com/app/582010/Monster_Hunter_World/?snr=1_7_7_7000_150_2'),(60,'World of Tanks Blitz','2016-11-09','https://store.steampowered.com/app/444200/World_of_Tanks_Blitz/?snr=1_7_7_7000_150_2'),(61,'Mafia: Definitive Edition','2020-09-24','https://store.steampowered.com/app/1030840/Mafia_Definitive_Edition/?snr=1_7_7_7000_150_2'),(62,'Cities: Skylines','2015-03-10','https://store.steampowered.com/app/255710/Cities_Skylines/?snr=1_7_7_7000_150_2'),(63,'EA Play','2020-08-31','https://store.steampowered.com/app/1289670/EA_Play/?snr=1_7_7_7000_150_2'),(64,'NBA 2K21','2020-09-03','https://store.steampowered.com/app/1225330/NBA_2K21/?snr=1_7_7_7000_150_2'),(65,'DayZ','2018-12-13','https://store.steampowered.com/app/221100/DayZ/?snr=1_7_7_7000_150_2'),(66,'Maneater',NULL,'https://store.steampowered.com/app/629820/Maneater/?snr=1_7_7_7000_150_2'),(67,'The Forest','2018-04-30','https://store.steampowered.com/app/242760/The_Forest/?snr=1_7_7_7000_150_2'),(68,'Wildermyth','2021-06-15','https://store.steampowered.com/app/763890/Wildermyth/?snr=1_7_7_7000_150_2'),(69,'Hunt: Showdown','2019-08-27','https://store.steampowered.com/app/594650/Hunt_Showdown/?snr=1_7_7_7000_150_2'),(70,'The Elder Scrolls V: Skyrim Special Edition','2016-10-27','https://store.steampowered.com/app/489830/The_Elder_Scrolls_V_Skyrim_Special_Edition/?snr=1_7_7_7000_150_2'),(71,'Zero Hour','2020-08-12','https://store.steampowered.com/app/1359090/Zero_Hour/?snr=1_7_7_7000_150_2'),(72,'Baldur\'s Gate II: Enhanced Edition','2013-11-15','https://store.steampowered.com/app/257350/Baldurs_Gate_II_Enhanced_Edition/?snr=1_7_7_7000_150_2'),(73,'The Binding of Isaac: Rebirth','2014-11-04','https://store.steampowered.com/app/250900/The_Binding_of_Isaac_Rebirth/?snr=1_7_7_7000_150_2'),(74,'Stellaris',NULL,'https://store.steampowered.com/app/281990/Stellaris/?snr=1_7_7_7000_150_2'),(75,'Cyberpunk 2077','2020-12-09','https://store.steampowered.com/app/1091500/Cyberpunk_2077/?snr=1_7_7_7000_150_2'),(76,'Death\'s Door','2021-07-20','https://store.steampowered.com/app/894020/Deaths_Door/?snr=1_7_7_7000_150_2'),(77,'Mass Effect™ Legendary Edition',NULL,'https://store.steampowered.com/app/1328670/Mass_Effect_Legendary_Edition/?snr=1_7_7_7000_150_2'),(78,'Resident Evil 7 Biohazard','2017-01-23','https://store.steampowered.com/app/418370/Resident_Evil_7_Biohazard/?snr=1_7_7_7000_150_2'),(79,'Resident Evil 3','2020-04-02','https://store.steampowered.com/app/952060/Resident_Evil_3/?snr=1_7_7_7000_150_2'),(80,'Company of Heroes 2','2013-06-24','https://store.steampowered.com/app/231430/Company_of_Heroes_2/?snr=1_7_7_7000_150_2'),(81,'Call of Duty®: Black Ops III','2015-11-05','https://store.steampowered.com/app/311210/Call_of_Duty_Black_Ops_III/?snr=1_7_7_7000_150_2'),(82,'BioShock Infinite','2013-03-25','https://store.steampowered.com/app/8870/BioShock_Infinite/?snr=1_7_7_7000_150_2'),(83,'Resident Evil 2','2019-01-24','https://store.steampowered.com/app/883710/Resident_Evil_2/?snr=1_7_7_7000_150_2'),(84,'Yu-Gi-Oh! Duel Links','2017-11-16','https://store.steampowered.com/app/601510/YuGiOh_Duel_Links/?snr=1_7_7_7000_150_2'),(85,'Terraria',NULL,'https://store.steampowered.com/app/105600/Terraria/?snr=1_7_7_7000_150_2'),(86,'PAYDAY 2','2013-08-13','https://store.steampowered.com/app/218620/PAYDAY_2/?snr=1_7_7_7000_150_2'),(87,'Crusader Kings III','2020-09-01','https://store.steampowered.com/app/1158310/Crusader_Kings_III/?snr=1_7_7_7000_150_2'),(88,'eFootball PES 2021 SEASON UPDATE','2020-09-15','https://store.steampowered.com/app/1259970/eFootball_PES_2021_SEASON_UPDATE/?snr=1_7_7_7000_150_2'),(89,'Planet Zoo','2019-11-05','https://store.steampowered.com/app/703080/Planet_Zoo/?snr=1_7_7_7000_150_2'),(90,'Sid Meier\'s Civilization® VI: Gathering Storm','2019-02-13','https://store.steampowered.com/app/947510/Sid_Meiers_Civilization_VI_Gathering_Storm/?snr=1_7_7_7000_150_2'),(91,'Don\'t Starve Together','2016-04-21','https://store.steampowered.com/app/322330/Dont_Starve_Together/?snr=1_7_7_7000_150_2'),(92,'Satisfactory','2020-06-08','https://store.steampowered.com/app/526870/Satisfactory/?snr=1_7_7_7000_150_2'),(93,'The Escapists 2','2017-08-21','https://store.steampowered.com/app/641990/The_Escapists_2/?snr=1_7_7_7000_150_2'),(94,'BeamNG.drive',NULL,'https://store.steampowered.com/app/284160/BeamNGdrive/?snr=1_7_7_7000_150_2'),(95,'Super Robot Wars 30','2021-10-27','https://store.steampowered.com/app/898750/Super_Robot_Wars_30/?snr=1_7_7_7000_150_2'),(96,'Days Gone',NULL,'https://store.steampowered.com/app/1259420/Days_Gone/?snr=1_7_7_7000_150_2'),(97,'Foxhole','2017-07-27','https://store.steampowered.com/app/505460/Foxhole/?snr=1_7_7_7000_150_2'),(98,'Streets of Rage 4','2020-04-30','https://store.steampowered.com/app/985890/Streets_of_Rage_4/?snr=1_7_7_7000_150_2'),(99,'ARK: Genesis Season Pass','2019-08-08','https://store.steampowered.com/app/1113410/ARK_Genesis_Season_Pass/?snr=1_7_7_7000_150_2'),(100,'Fallout 4','2015-11-09','https://store.steampowered.com/app/377160/Fallout_4/?snr=1_7_7_7000_150_2'),(101,'Bloons TD 6','2018-12-17','https://store.steampowered.com/app/960090/Bloons_TD_6/?snr=1_7_7_7000_150_3'),(102,'Farming Simulator 19','2018-11-19','https://store.steampowered.com/app/787860/Farming_Simulator_19/?snr=1_7_7_7000_150_3'),(103,'SCARLET NEXUS','2021-06-24','https://store.steampowered.com/app/775500/SCARLET_NEXUS/?snr=1_7_7_7000_150_3'),(104,'Grounded','2020-07-28','https://store.steampowered.com/app/962130/Grounded/?snr=1_7_7_7000_150_3'),(105,'The Immortal Mayor','2021-07-14','https://store.steampowered.com/app/1426730/The_Immortal_Mayor/?snr=1_7_7_7000_150_3'),(106,'theHunter: Call of the Wild™','2017-02-16','https://store.steampowered.com/app/518790/theHunter_Call_of_the_Wild/?snr=1_7_7_7000_150_3'),(107,'Hearts of Iron IV','2016-06-06','https://store.steampowered.com/app/394360/Hearts_of_Iron_IV/?snr=1_7_7_7000_150_3'),(108,'Ranch Simulator - The Realistic Multiplayer Agriculture Management Sandbox; Farm, Harvest, Hunt & Build','2021-03-04','https://store.steampowered.com/app/1119730/Ranch_Simulator__The_Realistic_Multiplayer_Agriculture_Management_Sandbox_Farm_Harvest_Hunt__Build/?snr=1_7_7_7000_150_3'),(109,'Sid Meier’s Civilization® VI: Rise and Fall','2018-02-07','https://store.steampowered.com/app/645402/Sid_Meiers_Civilization_VI_Rise_and_Fall/?snr=1_7_7_7000_150_3'),(110,'Resident Evil Village',NULL,'https://store.steampowered.com/app/1196590/Resident_Evil_Village/?snr=1_7_7_7000_150_3'),(111,'Age of Empires II: Definitive Edition','2019-11-14','https://store.steampowered.com/app/813780/Age_of_Empires_II_Definitive_Edition/?snr=1_7_7_7000_150_3'),(112,'FIFA 22','2021-10-01','https://store.steampowered.com/app/1506830/FIFA_22/?snr=1_7_7_7000_150_3'),(113,'Left 4 Dead 2','2009-11-16','https://store.steampowered.com/app/550/Left_4_Dead_2/?snr=1_7_7_7000_150_3'),(114,'Operation: Tango','2021-06-01','https://store.steampowered.com/app/1335790/Operation_Tango/?snr=1_7_7_7000_150_3'),(115,'Neverwinter Nights: Enhanced Edition','2018-03-27','https://store.steampowered.com/app/704450/Neverwinter_Nights_Enhanced_Edition/?snr=1_7_7_7000_150_3'),(116,'House Flipper',NULL,'https://store.steampowered.com/app/613100/House_Flipper/?snr=1_7_7_7000_150_3'),(117,'Beat Saber',NULL,'https://store.steampowered.com/app/620980/Beat_Saber/?snr=1_7_7_7000_150_3'),(118,'Going Medieval','2021-06-01','https://store.steampowered.com/app/1029780/Going_Medieval/?snr=1_7_7_7000_150_3'),(119,'CarX Drift Racing Online','2017-11-17','https://store.steampowered.com/app/635260/CarX_Drift_Racing_Online/?snr=1_7_7_7000_150_3'),(120,'Steel Division 2','2019-06-20','https://store.steampowered.com/app/919640/Steel_Division_2/?snr=1_7_7_7000_150_3'),(121,'Euro Truck Simulator 2 - Road to the Black Sea','2019-12-05','https://store.steampowered.com/app/1056760/Euro_Truck_Simulator_2__Road_to_the_Black_Sea/?snr=1_7_7_7000_150_3'),(122,'Factorio','2020-08-14','https://store.steampowered.com/app/427520/Factorio/?snr=1_7_7_7000_150_3'),(123,'Hades','2020-09-17','https://store.steampowered.com/app/1145360/Hades/?snr=1_7_7_7000_150_3'),(124,'Garry\'s Mod','2006-11-29','https://store.steampowered.com/app/4000/Garrys_Mod/?snr=1_7_7_7000_150_3'),(125,'Gunfire Reborn',NULL,'https://store.steampowered.com/app/1217060/Gunfire_Reborn/?snr=1_7_7_7000_150_3'),(126,'Football Manager 2021','2020-11-23','https://store.steampowered.com/app/1263850/Football_Manager_2021/?snr=1_7_7_7000_150_3'),(127,'Police Simulator: Patrol Officers','2021-06-17','https://store.steampowered.com/app/997010/Police_Simulator_Patrol_Officers/?snr=1_7_7_7000_150_3'),(128,'Brawlhalla','2017-10-17','https://store.steampowered.com/app/291550/Brawlhalla/?snr=1_7_7_7000_150_3'),(129,'Arma 3','2013-09-12','https://store.steampowered.com/app/107410/Arma_3/?snr=1_7_7_7000_150_3'),(130,'Albion Online',NULL,'https://store.steampowered.com/app/761890/Albion_Online/?snr=1_7_7_7000_150_3'),(131,'Planescape: Torment: Enhanced Edition','2017-04-11','https://store.steampowered.com/app/466300/Planescape_Torment_Enhanced_Edition/?snr=1_7_7_7000_150_3'),(132,'Among Us','2018-11-16','https://store.steampowered.com/app/945360/Among_Us/?snr=1_7_7_7000_150_3'),(133,'Subnautica: Below Zero',NULL,'https://store.steampowered.com/app/848450/Subnautica_Below_Zero/?snr=1_7_7_7000_150_3'),(134,'The Witcher® 3: Wild Hunt',NULL,'https://store.steampowered.com/app/292030/The_Witcher_3_Wild_Hunt/?snr=1_7_7_7000_150_3'),(135,'Solasta: Crown of the Magister',NULL,'https://store.steampowered.com/app/1096530/Solasta_Crown_of_the_Magister/?snr=1_7_7_7000_150_3'),(136,'Monster Hunter World: Iceborne','2020-01-09','https://store.steampowered.com/app/1118010/Monster_Hunter_World_Iceborne/?snr=1_7_7_7000_150_3'),(137,'Risk of Rain 2','2020-08-11','https://store.steampowered.com/app/632360/Risk_of_Rain_2/?snr=1_7_7_7000_150_3'),(138,'Euro Truck Simulator 2 - Iberia','2021-04-08','https://store.steampowered.com/app/1209460/Euro_Truck_Simulator_2__Iberia/?snr=1_7_7_7000_150_3'),(139,'Total War: WARHAMMER',NULL,'https://store.steampowered.com/app/364360/Total_War_WARHAMMER/?snr=1_7_7_7000_150_3'),(140,'Dying Light: Enhanced Edition','2015-01-26','https://store.steampowered.com/app/239140/Dying_Light_Enhanced_Edition/?snr=1_7_7_7000_150_3'),(141,'Farming Simulator 22',NULL,'https://store.steampowered.com/app/1248130/Farming_Simulator_22/?snr=1_7_7_7000_150_3'),(142,'Mirror','2018-04-19','https://store.steampowered.com/app/644560/Mirror/?snr=1_7_7_7000_150_3'),(143,'Euro Truck Simulator 2 - Scandinavia',NULL,'https://store.steampowered.com/app/304212/Euro_Truck_Simulator_2__Scandinavia/?snr=1_7_7_7000_150_3'),(144,'Deep Rock Galactic',NULL,'https://store.steampowered.com/app/548430/Deep_Rock_Galactic/?snr=1_7_7_7000_150_3'),(145,'Icewind Dale: Enhanced Edition','2014-10-30','https://store.steampowered.com/app/321800/Icewind_Dale_Enhanced_Edition/?snr=1_7_7_7000_150_3'),(146,'7 Days to Die','2013-12-13','https://store.steampowered.com/app/251570/7_Days_to_Die/?snr=1_7_7_7000_150_3'),(147,'Pummel Party','2018-09-20','https://store.steampowered.com/app/880940/Pummel_Party/?snr=1_7_7_7000_150_3'),(148,'Divinity: Original Sin 2 - Definitive Edition','2017-09-14','https://store.steampowered.com/app/435150/Divinity_Original_Sin_2__Definitive_Edition/?snr=1_7_7_7000_150_3'),(149,'Mount & Blade II: Bannerlord','2020-03-30','https://store.steampowered.com/app/261550/Mount__Blade_II_Bannerlord/?snr=1_7_7_7000_150_3'),(150,'SnowRunner',NULL,'https://store.steampowered.com/app/1465360/SnowRunner/?snr=1_7_7_7000_150_3'),(151,'Control Ultimate Edition','2020-08-27','https://store.steampowered.com/app/870780/Control_Ultimate_Edition/?snr=1_7_7_7000_150_4'),(152,'Lords Mobile','2019-06-02','https://store.steampowered.com/app/1041320/Lords_Mobile/?snr=1_7_7_7000_150_4'),(153,'ENDER LILIES: Quietus of the Knights','2021-06-21','https://store.steampowered.com/app/1369630/ENDER_LILIES_Quietus_of_the_Knights/?snr=1_7_7_7000_150_4'),(154,'War Robots','2018-04-04','https://store.steampowered.com/app/767560/War_Robots/?snr=1_7_7_7000_150_4'),(155,'Squad','2020-09-23','https://store.steampowered.com/app/393380/Squad/?snr=1_7_7_7000_150_4'),(156,'Dream Engines: Nomad Cities','2021-07-14','https://store.steampowered.com/app/1076750/Dream_Engines_Nomad_Cities/?snr=1_7_7_7000_150_4'),(157,'Orcs Must Die! 3','2021-07-23','https://store.steampowered.com/app/1522820/Orcs_Must_Die_3/?snr=1_7_7_7000_150_4'),(158,'RimWorld - Royalty','2020-02-24','https://store.steampowered.com/app/1149640/RimWorld__Royalty/?snr=1_7_7_7000_150_4'),(159,'Project Zomboid','2013-11-08','https://store.steampowered.com/app/108600/Project_Zomboid/?snr=1_7_7_7000_150_4'),(160,'Rust - Voice Props Pack','2021-07-01','https://store.steampowered.com/app/1670430/Rust__Voice_Props_Pack/?snr=1_7_7_7000_150_4'),(161,'EVE Online','2010-12-15','https://store.steampowered.com/app/8500/EVE_Online/?snr=1_7_7_7000_150_4'),(162,'Red Dead Online','2020-12-01','https://store.steampowered.com/app/1404210/Red_Dead_Online/?snr=1_7_7_7000_150_4'),(163,'Half-Life: Alyx','2020-03-23','https://store.steampowered.com/app/546560/HalfLife_Alyx/?snr=1_7_7_7000_150_4'),(164,'Conan Exiles',NULL,'https://store.steampowered.com/app/440900/Conan_Exiles/?snr=1_7_7_7000_150_4'),(165,'FOR HONOR™','2017-02-13','https://store.steampowered.com/app/304390/FOR_HONOR/?snr=1_7_7_7000_150_4'),(166,'Sid Meier\'s Civilization® VI: Byzantium & Gaul Pack','2020-09-24','https://store.steampowered.com/app/1284470/Sid_Meiers_Civilization_VI_Byzantium__Gaul_Pack/?snr=1_7_7_7000_150_4'),(167,'Sid Meier\'s Civilization® VI: Vietnam & Kublai Khan Pack','2021-01-28','https://store.steampowered.com/app/1436950/Sid_Meiers_Civilization_VI_Vietnam__Kublai_Khan_Pack/?snr=1_7_7_7000_150_4'),(168,'Sid Meier\'s Civilization® VI: Maya & Gran Colombia Pack',NULL,'https://store.steampowered.com/app/1253990/Sid_Meiers_Civilization_VI_Maya__Gran_Colombia_Pack/?snr=1_7_7_7000_150_4'),(169,'SuchArt: Genius Artist Simulator','2021-07-14','https://store.steampowered.com/app/1293180/SuchArt_Genius_Artist_Simulator/?snr=1_7_7_7000_150_4'),(170,'Ghostrunner','2020-10-27','https://store.steampowered.com/app/1139900/Ghostrunner/?snr=1_7_7_7000_150_4'),(171,'Sekiro™: Shadows Die Twice - GOTY Edition','2019-03-21','https://store.steampowered.com/app/814380/Sekiro_Shadows_Die_Twice__GOTY_Edition/?snr=1_7_7_7000_150_4'),(172,'Europa Universalis IV','2013-08-13','https://store.steampowered.com/app/236850/Europa_Universalis_IV/?snr=1_7_7_7000_150_4'),(173,'Subnautica','2018-01-23','https://store.steampowered.com/app/264710/Subnautica/?snr=1_7_7_7000_150_4'),(174,'Dead by Daylight - Resident Evil Chapter','2021-06-15','https://store.steampowered.com/app/1634040/Dead_by_Daylight__Resident_Evil_Chapter/?snr=1_7_7_7000_150_4'),(175,'DOOM Eternal','2020-03-19','https://store.steampowered.com/app/782330/DOOM_Eternal/?snr=1_7_7_7000_150_4'),(176,'DIRT 5','2020-11-05','https://store.steampowered.com/app/1038250/DIRT_5/?snr=1_7_7_7000_150_4'),(177,'DARK SOULS™: REMASTERED',NULL,'https://store.steampowered.com/app/570940/DARK_SOULS_REMASTERED/?snr=1_7_7_7000_150_4'),(178,'Sniper Ghost Warrior Contracts 2','2021-06-04','https://store.steampowered.com/app/1338770/Sniper_Ghost_Warrior_Contracts_2/?snr=1_7_7_7000_150_4'),(179,'RuneScape ®','2020-10-14','https://store.steampowered.com/app/1343400/RuneScape/?snr=1_7_7_7000_150_4'),(180,'Age of Empires III: Definitive Edition','2020-10-15','https://store.steampowered.com/app/933110/Age_of_Empires_III_Definitive_Edition/?snr=1_7_7_7000_150_4'),(181,'Streets Of Rage 4 - Mr. X Nightmare','2021-07-15','https://store.steampowered.com/app/1585820/Streets_Of_Rage_4__Mr_X_Nightmare/?snr=1_7_7_7000_150_4'),(182,'Kingdoms Reborn',NULL,'https://store.steampowered.com/app/1307890/Kingdoms_Reborn/?snr=1_7_7_7000_150_4'),(183,'Chernobylite','2019-10-16','https://store.steampowered.com/app/1016800/Chernobylite/?snr=1_7_7_7000_150_4'),(184,'SCUM','2018-08-29','https://store.steampowered.com/app/513710/SCUM/?snr=1_7_7_7000_150_4'),(185,'Tabletop Simulator','2015-06-05','https://store.steampowered.com/app/286160/Tabletop_Simulator/?snr=1_7_7_7000_150_4'),(186,'DARK SOULS™ III','2016-04-11','https://store.steampowered.com/app/374320/DARK_SOULS_III/?snr=1_7_7_7000_150_4'),(187,'Euro Truck Simulator 2 - Beyond the Baltic Sea','2018-11-29','https://store.steampowered.com/app/925580/Euro_Truck_Simulator_2__Beyond_the_Baltic_Sea/?snr=1_7_7_7000_150_4'),(188,'Cruelty Squad','2021-06-15','https://store.steampowered.com/app/1388770/Cruelty_Squad/?snr=1_7_7_7000_150_4'),(189,'HUMANKIND™','2021-08-17','https://store.steampowered.com/app/1124300/HUMANKIND/?snr=1_7_7_7000_150_4'),(190,'Shop Titans',NULL,'https://store.steampowered.com/app/1258080/Shop_Titans/?snr=1_7_7_7000_150_4'),(191,'Soulworker',NULL,'https://store.steampowered.com/app/1377580/Soulworker/?snr=1_7_7_7000_150_4'),(192,'Paladins®',NULL,'https://store.steampowered.com/app/444090/Paladins/?snr=1_7_7_7000_150_4'),(193,'Hollow Knight','2017-02-24','https://store.steampowered.com/app/367520/Hollow_Knight/?snr=1_7_7_7000_150_4'),(194,'Human: Fall Flat','2016-07-22','https://store.steampowered.com/app/477160/Human_Fall_Flat/?snr=1_7_7_7000_150_4'),(195,'封灵档案','2021-03-29','https://store.steampowered.com/app/1520470/_/?snr=1_7_7_7000_150_4'),(196,'American Truck Simulator - Colorado','2020-11-12','https://store.steampowered.com/app/1209471/American_Truck_Simulator__Colorado/?snr=1_7_7_7000_150_4'),(197,'Apex Legends™ - Champion Edition','2020-11-04','https://store.steampowered.com/app/1445990/Apex_Legends__Champion_Edition/?snr=1_7_7_7000_150_4'),(198,'Demon Slayer -Kimetsu no Yaiba- The Hinokami Chronicles','2021-10-15','https://store.steampowered.com/app/1490890/Demon_Slayer_Kimetsu_no_Yaiba_The_Hinokami_Chronicles/?snr=1_7_7_7000_150_4'),(199,'Dying Light 2 Stay Human',NULL,'https://store.steampowered.com/app/534380/Dying_Light_2_Stay_Human/?snr=1_7_7_7000_150_4'),(200,'Baldur\'s Gate: Siege of Dragonspear','2016-03-31','https://store.steampowered.com/app/385970/Baldurs_Gate_Siege_of_Dragonspear/?snr=1_7_7_7000_150_4');
/*!40000 ALTER TABLE `game_information` ENABLE KEYS */;
UNLOCK TABLES;

--
-- Table structure for table `genre`
--

DROP TABLE IF EXISTS `genre`;
/*!40101 SET @saved_cs_client     = @@character_set_client */;
/*!40101 SET character_set_client = utf8 */;
CREATE TABLE `genre` (
  `id_genre` varchar(100) NOT NULL,
  `genre_name` varchar(255) NOT NULL,
  PRIMARY KEY (`id_genre`)
) ENGINE=InnoDB DEFAULT CHARSET=latin1;
/*!40101 SET character_set_client = @saved_cs_client */;

--
-- Dumping data for table `genre`
--

LOCK TABLES `genre` WRITE;
/*!40000 ALTER TABLE `genre` DISABLE KEYS */;
INSERT INTO `genre` (`id_genre`, `genre_name`) VALUES ('G001','Indie'),('G002','Action'),('G003','Adventure'),('G004','Casual'),('G005','Simulation'),('G006','Strategy'),('G007','RPG'),('G008','Singleplayer'),('G009','Early Access'),('G010','Free to Play'),('G011','2D'),('G012','Atmospheric'),('G013','Violent'),('G014','Sports'),('G015','Massively Multiplayer'),('G016','Multiplayer'),('G017','Puzzle'),('G018','Story Rich'),('G019','Fantasy'),('G020','Racing'),('G021','3D'),('G022','Gore'),('G023','Pixel Graphics'),('G024','Nudity'),('G025','Colorful'),('G026','Sexual Content'),('G027','Anime'),('G028','First-Person'),('G029','Exploration'),('G030','Funny'),('G031','Cute'),('G032','Sci-fi'),('G033','Great Soundtrack'),('G034','Arcade'),('G035','Shooter'),('G036','Horror'),('G037','Retro'),('G038','Family Friendly'),('G039','Co-op'),('G040','Open World'),('G041','Platformer'),('G042','Relaxing'),('G043','VR'),('G044','Difficult'),('G045','Survival'),('G046','Action-Adventure'),('G047','Female Protagonist'),('G048','Third Person'),('G049','Comedy'),('G050','FPS'),('G051','Combat'),('G052','Online Co-Op'),('G053','Visual Novel'),('G054','PvP'),('G055','Stylized'),('G056','Realistic'),('G057','Physics'),('G058','Choices Matter'),('G059','Old School'),('G060','Sandbox'),('G061','Top-Down'),('G062','Controller'),('G063','Dark'),('G064','Mystery'),('G065','Character Customization'),('G066','Design & Illustration'),('G067','Cartoony'),('G068','Psychological Horror'),('G069','Tactical'),('G070','Utilities'),('G071','Space'),('G072','Multiple Endings'),('G073','Building'),('G074','Local Multiplayer'),('G075','Minimalist'),('G076','Point & Click'),('G077','2D Platformer'),('G078','Shoot \'Em Up'),('G079','Turn-Based'),('G080','PvE'),('G081','Management'),('G082','Futuristic'),('G083','Action RPG'),('G084','Replay Value'),('G085','Education'),('G086','Linear'),('G087','Magic'),('G088','Crafting'),('G089','Side Scroller'),('G090','Hand-drawn'),('G091','Procedural Generation'),('G092','Puzzle Platformer'),('G093','Survival Horror'),('G094','Resource Management'),('G095','Cartoon'),('G096','Mature'),('G097','Zombies'),('G098','Local Co-Op'),('G099','Medieval'),('G100','War'),('G101','Roguelike'),('G102','Turn-Based Strategy'),('G103','1980s'),('G104','Turn-Based Combat'),('G105','Hack and Slash'),('G106','Memes'),('G107','Dark Fantasy'),('G108','Post-apocalyptic'),('G109','Logic'),('G110','Drama'),('G111','Historical'),('G112','Classic'),('G113','Romance'),('G114','Roguelite'),('G115','Web Publishing'),('G116','Base Building'),('G117','JRPG'),('G118','3D Platformer'),('G119','Choose Your Own Adventure'),('G120','Walking Simulator'),('G121','Dating Sim'),('G122','Fast-Paced'),('G123','Stealth'),('G124','Party-Based RPG'),('G125','Movie'),('G126','Turn-Based Tactics'),('G127','Surreal'),('G128','Short'),('G129','Interactive Fiction'),('G130','Narration'),('G131','Dungeon Crawler'),('G132','Bullet Hell'),('G133','Software'),('G134','Animation & Modeling'),('G135','Hidden Object'),('G136','Military'),('G137','Score Attack'),('G138','Beautiful'),('G139','Third-Person Shooter'),('G140','RTS'),('G141','Experimental'),('G142','Team-Based'),('G143','1990\'s'),('G144','Top-Down Shooter'),('G145','Isometric'),('G146','Cyberpunk'),('G147','Emotional'),('G148','Robots'),('G149','Hentai'),('G150','Fighting'),('G151','Dark Humor'),('G152','Nature'),('G153','Immersive Sim'),('G154','Music'),('G155','RPGMaker'),('G156','Aliens'),('G157','Text-Based'),('G158','Driving'),('G159','2.5D'),('G160','4 Player Local'),('G161','Audio Production'),('G162','Economy'),('G163','Abstract'),('G164','Cinematic'),('G165','Conversation'),('G166','Card Game'),('G167','LGBTQ+'),('G168','Flight'),('G169','Investigation'),('G170','Perma Death'),('G171','Action Roguelike'),('G172','Inventory Management'),('G173','Competitive'),('G174','Soundtrack'),('G175','Moddable'),('G176','Video Production'),('G177','Tutorial'),('G178','Tower Defense'),('G179','Nonlinear'),('G180','Board Game'),('G181','Arena Shooter'),('G182','Psychological'),('G183','Detective'),('G184','Real Time Tactics'),('G185','Thriller'),('G186','City Builder'),('G187','Demons'),('G188','Destruction'),('G189','Beat \'em up'),('G190','Strategy RPG'),('G191','Artificial Intelligence'),('G192','Modern'),('G193','NSFW'),('G194','Tabletop'),('G195','Loot'),('G196','Life Sim'),('G197','Clicker'),('G198','Dystopian '),('G199','Metroidvania'),('G200','Psychedelic'),('G201','Lore-Rich'),('G202','Time Management'),('G203','Level Editor'),('G204','Alternate History'),('G205','Character Action Game'),('G206','Tactical RPG'),('G207','Wargame'),('G208','Precision Platformer'),('G209','Supernatural'),('G210','MMORPG'),('G211','Game Development'),('G212','Comic Book'),('G213','World War II'),('G214','Crime'),('G215','Parkour'),('G216','Dark Comedy'),('G217','Addictive'),('G218','Souls-like'),('G219','Software Training'),('G220','Mythology'),('G221','Runner'),('G222','2D Fighter'),('G223','Twin Stick Shooter'),('G224','Automobile Sim'),('G225','Co-op Campaign'),('G226','Science'),('G227','Grid-Based Movement'),('G228','Philosophical'),('G229','CRPG'),('G230','Grand Strategy'),('G231','Blood'),('G232','Class-Based'),('G233','Space Sim'),('G234','Rhythm'),('G235','Lovecraftian'),('G236','Illuminati'),('G237','Open World Survival Craft'),('G238','Split Screen'),('G239','Swordplay'),('G240','Gun Customization'),('G241','Battle Royale'),('G242','eSports'),('G243','Dragons'),('G244','3D Vision'),('G245','Match 3'),('G246','Parody '),('G247','6DOF'),('G248','Real-Time'),('G249','Collectathon'),('G250','Episodic'),('G251','Vehicular Combat'),('G252','Deckbuilding'),('G253','Noir'),('G254','Epic'),('G255','America'),('G256','Mouse only'),('G257','Cats'),('G258','Satire'),('G259','Cult Classic'),('G260','Bullet Time'),('G261','Steampunk'),('G262','Voxel'),('G263','Political'),('G264','Conspiracy'),('G265','Photo Editing'),('G266','Card Battler'),('G267','Trading'),('G268','Idler'),('G269','Capitalism'),('G270','Time Manipulation'),('G271','Mechs'),('G272','3D Fighter'),('G273','Hunting'),('G274','Mining'),('G275','Tanks'),('G276','Colony Sim'),('G277','Gothic'),('G278','Time Travel'),('G279','MOBA'),('G280','Remake'),('G281','Mystery Dungeon'),('G282','Politics'),('G283','Hacking'),('G284','Otome'),('G285','Ninja'),('G286','Underground'),('G287','Pirates'),('G288','Agriculture'),('G289','Automation'),('G290','Dynamic Narration'),('G291','Farming Sim'),('G292','Word Game'),('G293','4X'),('G294','Quick-Time Events'),('G295','Cold War'),('G296','Martial Arts'),('G297','Hex Grid'),('G298','Real-Time with Pause'),('G299','God Game'),('G300','Dog'),('G301','Spectacle fighter'),('G302','Hero Shooter'),('G303','Superhero'),('G304','FMV'),('G305','Combat Racing'),('G306','Fishing'),('G307','Dinosaurs'),('G308','Kickstarter'),('G309','Asynchronous Multiplayer'),('G310','Trains'),('G311','Assassin'),('G312','Solitaire'),('G313','Programming'),('G314','Trading Card Game'),('G315','Underwater'),('G316','Naval'),('G317','Western'),('G318','Looter Shooter'),('G319','GameMaker'),('G320','Vampire'),('G321','Immersive'),('G322','Minigames'),('G323','Touch-Friendly'),('G324','Heist'),('G325','Experience'),('G326','Creature Collector'),('G327','Mod'),('G328','Archery'),('G329','Faith'),('G330','Political Sim'),('G331','Narrative'),('G332','Party'),('G333','Diplomacy'),('G334','Sokoban'),('G335','Dungeons & Dragons'),('G336','Documentary'),('G337','Party Game'),('G338','Foreign'),('G339','Sequel'),('G340','Naval Combat'),('G341','Snow'),('G342','Transportation'),('G343','Music-Based Procedural Generation'),('G344','Sailing'),('G345','Cooking'),('G346','Games Workshop'),('G347','Time Attack'),('G348','Villain Protagonist'),('G349','Auto Battler'),('G350','Sniper'),('G351','Soccer'),('G352','Football'),('G353','World War I'),('G354','On-Rails Shooter'),('G355','Gaming'),('G356','Mars'),('G357','Offroad'),('G358','Typing'),('G359','Horses'),('G360','Silent Protagonist'),('G361','Crowdfunded'),('G362','Transhumanism'),('G363','Werewolves'),('G364','Gambling'),('G365','360 Video'),('G366','Chess'),('G367','Trivia'),('G368','Boxing'),('G369','TrackIR'),('G370','Nostalgia'),('G371','Farming'),('G372','Unforgiving'),('G373','Action RTS'),('G374','Traditional Roguelike'),('G375','LEGO'),('G376','Pinball'),('G377','Roguelike Deckbuilder'),('G378','Motorbike'),('G379','Jet'),('G380','Rome'),('G381','Warhammer 40K'),('G382','Based On A Novel'),('G383','Golf'),('G384','Electronic Music'),('G385','Medical Sim'),('G386','Spaceships'),('G387','Outbreak Sim'),('G388','Ambient'),('G389','Asymmetric VR'),('G390','Submarine'),('G391','Bikes'),('G392','Basketball'),('G393','Spelling'),('G394','Social Deduction'),('G395','Roguevania'),('G396','Intentionally Awkward Controls'),('G397','Mini Golf'),('G398','Pool'),('G399','Escape Room'),('G400','Instrumental Music'),('G401','Wrestling'),('G402','Benchmark'),('G403','Steam Machine'),('G404','Skateboarding'),('G405','Hardware'),('G406','Lemmings'),('G407','Vikings'),('G408','Tennis'),('G409','Baseball'),('G410','Hockey'),('G411','Skating'),('G412','Feature Film'),('G413','Electronic'),('G414','Cycling'),('G415','Bowling'),('G416','Rock Music'),('G417','Motocross'),('G418','Voice Control'),('G419','ATV'),('G420','Well-Written'),('G421','8-bit Music'),('G422','BMX'),('G423','Skiing'),('G424','Snowboarding'),('G425','Reboot');
/*!40000 ALTER TABLE `genre` ENABLE KEYS */;
UNLOCK TABLES;

--
-- Table structure for table `price`
--

DROP TABLE IF EXISTS `price`;
/*!40101 SET @saved_cs_client     = @@character_set_client */;
/*!40101 SET character_set_client = utf8 */;
CREATE TABLE `price` (
  `id_game` int(11) NOT NULL,
  `original_price` int(11) DEFAULT NULL,
  `discount_price` int(11) DEFAULT NULL,
  PRIMARY KEY (`id_game`),
  CONSTRAINT `FK_price_gameinformation` FOREIGN KEY (`id_game`) REFERENCES `game_information` (`id_game`) ON DELETE CASCADE ON UPDATE CASCADE
) ENGINE=InnoDB DEFAULT CHARSET=latin1;
/*!40101 SET character_set_client = @saved_cs_client */;

--
-- Dumping data for table `price`
--

LOCK TABLES `price` WRITE;
/*!40000 ALTER TABLE `price` DISABLE KEYS */;
INSERT INTO `price` (`id_game`, `original_price`, `discount_price`) VALUES (1,0,0),(2,249999,249999),(3,219999,219999),(4,0,0),(5,699000,699000),(6,0,0),(7,640000,428800),(8,169999,84999),(9,0,0),(10,847999,847999),(12,135999,135999),(13,600000,150000),(14,169999,42499),(15,0,0),(16,99999,59999),(17,600000,600000),(18,169999,169999),(19,169999,169999),(20,266000,266000),(21,205000,205000),(22,0,0),(23,0,0),(24,48999,48999),(25,540999,540999),(26,39999,39999),(27,749000,749000),(28,104999,104999),(29,108999,108999),(30,229999,57499),(31,139999,139999),(32,562000,562000),(33,89999,89999),(34,0,0),(35,249999,249999),(36,562000,562000),(37,249999,124999),(38,220000,220000),(39,35999,35999),(40,108999,108999),(41,89999,89999),(42,135999,135999),(43,790000,790000),(44,659000,659000),(45,108999,54499),(46,0,0),(47,108999,21799),(48,0,0),(49,699999,699999),(50,0,0),(51,159999,159999),(52,115999,115999),(53,0,0),(54,849000,849000),(55,555000,555000),(56,108999,108999),(57,532000,532000),(58,139999,34999),(59,334999,334999),(60,0,0),(61,489000,293400),(62,199999,199999),(63,60000,60000),(64,699000,230670),(65,550000,550000),(66,169999,101999),(67,108999,108999),(68,119999,119999),(69,319000,319000),(70,532000,532000),(71,82999,82999),(72,108999,21799),(73,95999,95999),(74,169999,169999),(75,699999,699999),(76,119999,101999),(77,849000,849000),(78,239999,79199),(79,824999,272249),(80,135999,6800),(81,800000,800000),(82,199999,49999),(83,319999,127999),(84,0,0),(85,89999,89999),(86,69999,69999),(87,209999,209999),(88,240000,240000),(89,440278,440278),(90,370000,92500),(91,95999,95999),(92,139999,139999),(93,159000,39750),(94,119999,119999),(95,679000,679000),(96,729000,729000),(97,135999,135999),(98,119999,71999),(99,139999,139999),(100,266000,266000),(101,69999,69999),(102,159000,159000),(103,549000,549000),(104,139999,139999),(105,108999,92649),(106,108999,108999),(107,269999,269999),(108,119999,119999),(109,300000,99000),(110,1130999,1130999),(111,265000,265000),(112,659000,659000),(113,69999,69999),(114,214064,171251),(115,108999,21799),(116,108999,108999),(117,139999,139999),(118,119999,119999),(119,95999,95999),(120,169999,57800),(121,124999,62499),(122,130000,130000),(123,119999,119999),(124,89999,89999),(125,82999,82999),(126,499999,499999),(127,239999,239999),(128,0,0),(129,399999,399999),(130,0,0),(131,135999,13599),(132,39999,39999),(133,139999,139999),(134,359999,359999),(135,166999,133599),(136,445999,445999),(137,119999,119999),(138,124999,124999),(139,540999,540999),(140,257800,257800),(141,562000,562000),(142,17499,6999),(143,129999,38999),(144,139999,139999),(145,135999,13599),(146,119999,119999),(147,95999,95999),(148,335999,335999),(149,549999,549999),(150,249000,249000),(151,490000,490000),(152,0,0),(153,119999,119999),(154,0,0),(155,209999,209999),(156,199000,179100),(157,139999,139999),(158,108999,108999),(159,115999,115999),(160,83999,83999),(161,0,0),(162,279000,139500),(163,249999,249999),(164,249999,249999),(165,149000,149000),(166,140000,140000),(167,140000,140000),(168,140000,140000),(169,108999,98099),(170,345000,345000),(171,729000,729000),(172,269999,269999),(173,139999,139999),(174,89999,89999),(175,799000,799000),(176,249999,99999),(177,420000,420000),(178,199999,199999),(179,0,0),(180,108999,108999),(181,59999,50999),(182,108999,108999),(183,249999,249999),(184,159999,159999),(185,135999,135999),(186,587000,587000),(187,124999,37499),(188,108999,108999),(189,600000,498000),(190,0,0),(191,0,0),(192,0,0),(193,115999,115999),(194,125999,125999),(195,0,0),(196,99999,74999),(197,562000,562000),(198,1019000,1019000),(199,849000,849000),(200,135999,13599);
/*!40000 ALTER TABLE `price` ENABLE KEYS */;
UNLOCK TABLES;

--
-- Table structure for table `rating`
--

DROP TABLE IF EXISTS `rating`;
/*!40101 SET @saved_cs_client     = @@character_set_client */;
/*!40101 SET character_set_client = utf8 */;
CREATE TABLE `rating` (
  `id_game` int(11) NOT NULL,
  `game_rating` varchar(255) DEFAULT NULL,
  `rating_percentage` int(11) DEFAULT NULL,
  `total_review` int(11) DEFAULT NULL,
  PRIMARY KEY (`id_game`),
  CONSTRAINT `FK_rating_gameinformation` FOREIGN KEY (`id_game`) REFERENCES `game_information` (`id_game`) ON DELETE CASCADE ON UPDATE CASCADE
) ENGINE=InnoDB DEFAULT CHARSET=latin1;
/*!40101 SET character_set_client = @saved_cs_client */;

--
-- Dumping data for table `rating`
--

LOCK TABLES `rating` WRITE;
/*!40000 ALTER TABLE `rating` DISABLE KEYS */;
INSERT INTO `rating` (`id_game`, `game_rating`, `rating_percentage`, `total_review`) VALUES (1,'Very Positive',88,5725068),(3,'Mixed',53,1471207),(4,'Very Positive',89,262102),(5,'Very Positive',87,1700),(6,'Very Positive',84,1531316),(7,'Very Positive',85,171024),(8,'Very Positive',92,146498),(9,'Very Positive',91,434126),(10,'Mostly Positive',76,4860),(11,'Very Positive',83,1023316),(12,'Very Positive',82,354370),(13,'Very Positive',82,118533),(14,'Overwhelmingly Positive',97,338427),(15,'Very Positive',84,381818),(16,'Very Positive',92,11175),(17,'Mostly Positive',76,2078),(18,'Very Positive',86,514920),(19,'Very Positive',90,128946),(20,'Very Positive',83,84413),(21,'Very Positive',88,794196),(22,'Very Positive',93,794713),(23,'Mostly Positive',79,235321),(24,'Mostly Positive',76,33876),(25,'Very Positive',93,64381),(26,'Very Positive',88,788),(27,'Very Positive',90,8881),(28,'Mixed',67,956),(29,'Overwhelmingly Positive',96,4503),(30,'Overwhelmingly Positive',96,67656),(31,'Very Positive',80,358351),(32,'Very Positive',90,23472),(33,'Overwhelmingly Positive',97,239791),(34,'Mixed',68,17269),(35,'Very Positive',82,53162),(36,'Overwhelmingly Positive',95,32773),(37,'Mixed',69,158508),(39,'Overwhelmingly Positive',97,348250),(40,'Overwhelmingly Positive',96,221268),(41,'Very Positive',81,589),(42,'Very Positive',92,109277),(43,'Mostly Positive',76,25475),(45,'Very Positive',86,15743),(46,'Very Positive',80,87266),(47,'Very Positive',90,8781),(48,'Very Positive',81,82969),(49,'Very Positive',88,37623),(50,'Mostly Positive',76,15876),(51,'Overwhelmingly Positive',98,88266),(52,'Overwhelmingly Positive',97,313184),(53,'Very Positive',90,27724),(54,'Mostly Positive',75,32031),(55,'Very Positive',83,63661),(56,'Very Positive',83,329970),(57,'Mostly Positive',77,24519),(58,'Very Positive',82,55800),(59,'Very Positive',85,193493),(60,'Mostly Positive',79,82286),(61,'Very Positive',86,22730),(62,'Very Positive',93,123256),(64,'Mixed',41,24853),(65,'Mixed',68,225450),(66,'Very Positive',89,2920),(67,'Very Positive',94,247874),(68,'Overwhelmingly Positive',95,6009),(69,'Very Positive',83,72983),(70,'Very Positive',94,73579),(71,'Very Positive',83,8043),(72,'Very Positive',90,5443),(73,'Overwhelmingly Positive',97,141476),(74,'Very Positive',87,77818),(75,'Mostly Positive',76,373687),(77,'Very Positive',91,14247),(78,'Very Positive',94,32329),(79,'Mostly Positive',77,31472),(80,'Mostly Positive',79,50724),(81,'Very Positive',80,47906),(82,'Overwhelmingly Positive',95,84106),(83,'Overwhelmingly Positive',97,60745),(84,'Very Positive',84,31362),(85,'Overwhelmingly Positive',98,613529),(86,'Very Positive',88,331093),(87,'Very Positive',93,38359),(88,'Mostly Positive',73,25369),(89,'Very Positive',89,38097),(90,'Mixed',69,1953),(91,'Overwhelmingly Positive',96,177579),(92,'Overwhelmingly Positive',97,55544),(93,'Very Positive',89,15086),(94,'Overwhelmingly Positive',96,73444),(96,'Very Positive',92,10746),(97,'Very Positive',81,14323),(98,'Very Positive',92,10459),(99,'Mixed',53,4177),(100,'Mostly Positive',79,150473),(101,'Overwhelmingly Positive',97,91070),(102,'Very Positive',93,41475),(103,'Very Positive',85,4109),(104,'Very Positive',88,16583),(105,'Mixed',65,1022),(106,'Very Positive',86,70519),(107,'Very Positive',92,101256),(108,'Very Positive',83,3320),(109,'Mixed',58,2072),(110,'Overwhelmingly Positive',95,35723),(111,'Very Positive',93,73522),(113,'Overwhelmingly Positive',97,359050),(114,'Very Positive',89,1357),(115,'Very Positive',87,4086),(116,'Very Positive',92,40773),(117,'Overwhelmingly Positive',96,48993),(118,'Very Positive',89,4885),(119,'Very Positive',94,23291),(120,'Mostly Positive',78,4056),(121,'Very Positive',88,2062),(122,'Overwhelmingly Positive',98,96820),(123,'Overwhelmingly Positive',98,139957),(124,'Overwhelmingly Positive',96,607571),(125,'Very Positive',93,40154),(126,'Very Positive',92,10987),(127,'Very Positive',87,2158),(128,'Very Positive',84,232004),(129,'Very Positive',90,146770),(130,'Mostly Positive',79,36677),(131,'Very Positive',94,2431),(132,'Very Positive',93,498011),(133,'Very Positive',91,47200),(134,'Overwhelmingly Positive',97,486370),(135,'Very Positive',90,6376),(136,'Mixed',53,13923),(137,'Overwhelmingly Positive',96,106531),(138,'Mostly Positive',78,1264),(139,'Mostly Positive',78,28232),(140,'Overwhelmingly Positive',95,189937),(142,'Overwhelmingly Positive',96,61174),(143,'Overwhelmingly Positive',96,4129),(144,'Overwhelmingly Positive',97,74547),(145,'Very Positive',89,1687),(146,'Very Positive',87,123211),(147,'Very Positive',90,23804),(148,'Overwhelmingly Positive',95,108917),(149,'Very Positive',87,129862),(150,'Very Positive',83,2361),(151,'Very Positive',90,17225),(152,'Mixed',69,3447),(153,'Very Positive',94,7714),(154,'Mixed',59,8008),(155,'Very Positive',90,63423),(156,'Mostly Positive',77,121),(158,'Very Positive',83,1491),(159,'Very Positive',90,32308),(160,'Mostly Positive',72,521),(161,'Mostly Positive',75,23736),(162,'Very Positive',82,23365),(163,'Overwhelmingly Positive',98,50359),(164,'Mostly Positive',78,48675),(165,'Mixed',65,58357),(166,'Mixed',53,63),(167,'Mixed',59,77),(168,'Mixed',40,239),(169,'Very Positive',97,351),(170,'Very Positive',91,21166),(171,'Very Positive',94,99178),(172,'Very Positive',85,65466),(173,'Overwhelmingly Positive',96,156120),(174,'Very Positive',82,1208),(175,'Very Positive',90,112144),(176,'Mixed',59,1682),(177,'Very Positive',85,29205),(178,'Very Positive',82,1894),(179,'Very Positive',88,14116),(180,'Mostly Positive',74,17076),(181,'Very Positive',91,361),(182,'Very Positive',89,2296),(183,'Mostly Positive',77,3136),(184,'Mostly Positive',72,47661),(185,'Overwhelmingly Positive',95,27476),(186,'Very Positive',94,179478),(187,'Very Positive',92,1814),(188,'Overwhelmingly Positive',97,2508),(190,'Mostly Positive',78,8960),(191,'Mostly Positive',77,4619),(192,'Very Positive',85,305292),(193,'Overwhelmingly Positive',97,142214),(194,'Very Positive',94,107912),(195,'Mixed',64,4030),(196,'Very Positive',94,494),(197,'Very Positive',88,271),(200,'Mostly Positive',71,675);
/*!40000 ALTER TABLE `rating` ENABLE KEYS */;
UNLOCK TABLES;
/*!40103 SET TIME_ZONE=@OLD_TIME_ZONE */;

/*!40101 SET SQL_MODE=@OLD_SQL_MODE */;
/*!40014 SET FOREIGN_KEY_CHECKS=@OLD_FOREIGN_KEY_CHECKS */;
/*!40014 SET UNIQUE_CHECKS=@OLD_UNIQUE_CHECKS */;
/*!40101 SET CHARACTER_SET_CLIENT=@OLD_CHARACTER_SET_CLIENT */;
/*!40101 SET CHARACTER_SET_RESULTS=@OLD_CHARACTER_SET_RESULTS */;
/*!40101 SET COLLATION_CONNECTION=@OLD_COLLATION_CONNECTION */;
/*!40111 SET SQL_NOTES=@OLD_SQL_NOTES */;

-- Dump completed on 2021-07-20  0:17:02
